player,year_2023,seed_2021_2s,seed_2022_1s,seed_2022_2s,seed_2023_1s,num_events,z_seed_2021_2,z_seed_2022_1,z_seed_2022_2,z_seed_2023_1,avg_norm_seed,year_2023,W_1s,UW_1s,EW_1s,L_1s,UL_1s,EL_1s,RL_1s,URL_1s,ERL_1s,W_2s,UW_2s,EW_2s,L_2s,UL_2s,EL_2s,RL_2s,URL_2s,ERL_2s,UW,EW,UL,EL,URL,ERL,GP,UGP,EGP,ODW,ODL,ODRL,UDW,UDL,UDRL,W,L,RL,PTS,PTS/EV,W_PCT,UW_PCT,EW_PCT,GP_1s,PF_1s,PA_1s,CA_1s,+/-_1s,GP_2s,PF_2s,PA_2s,CA_2s,+/-_2s,PF,PA,CA,+/-,PF/G,PA/G,CA/G,+/-/G,PF/PA,PF/CA,(+/-)/CA,hcs_1s,hcs_2s,hcs,hcs/event,total_seeds_1s,total_seeds_2s,total_seeds,avg_norm_total_seeds_1s,avg_norm_total_seeds_2s,SOV_1s,SOV_2s,SOS,SOV,z_SOS,z_SOV,z_PTS,z_PTS/EV,avg_norm_seed,PTS/EV,n_avg_norm_seed,n_PTS/EV,z_+/-,z_W_PCT,sickos_resids,EW,EL,EGP,raw_poll_scores,GP,W,total_upset,avg_upset,total_upset/GP,total_upset/W,raw_expectation,raw_efficiency,raw_gutsiness,raw_upset,raw_cinderella,raw_sickos,normal_expectation,normal_efficiency,normal_gutsiness,normal_upset,normal_cinderella,normal_sickos,expectation,efficiency,gutsiness,upset,cinderella,sickos,BST,pokemon,D_HP,D_ATK,D_DEF,D_SPA,D_SPD,D_SPE,SSE
Aaron Carter,4.0,1.0,5.0,3.0,8.0,4,-1.479019945774904,-0.6708203932499369,-0.752772652709081,-0.35540932665545544,-0.8145055795973444,4.0,8,2,6,3,2,1,0,0,0,3,1,2,4,2,2,0,0,0,3,8,4,3,0,0,18,7,11,7,7,0,4,0,0,11,7,0,14,3.5,61.111111111111114,42.857142857142854,72.72727272727273,11,65,52,72,13,7,38,38,45,0,103,90,117,13,5.722222222222222,5.0,6.5,0.7222222222222222,114.44444444444444,88.03418803418803,0.1111111111111111,13,8,21,5.25,94,44,138,0.5026737967914439,0.7857142857142857,56.174364850835445,20.555555555555554,0.35580595874713516,0.38364960203195503,-0.9417150859448449,0.45424203484773445,1.0138089387215612,0.2534522346803903,-0.8145055795973444,3.5,-0.5203685268664365,0.5,1.4885032593124292,0.2222222222222223,-1.1813531683459144,8,3,11,4.0,18,11,3.7428571428571424,0.41587301587301584,0.20793650793650792,0.3402597402597402,-0.2728195072585934,0.1111111111111111,0.45454545454545453,3.7428571428571424,1.1272144952173417,-1.1813531683459144,0.5757344033434911,0.9026548672566371,0.888888888888889,0.7595425994524077,0.5636072476086709,0.32969527171402924,75,115,114,106,94,67,571,Altaria (Mega Altaria),0,-5,-4,4,11,13,347
Ann Hall,4.0,7.0,,7.0,16.0,3,1.0564428184106458,,0.752772652709081,1.0662279799663663,0.9584811503620311,4.0,3,0,3,2,1,1,0,0,0,1,0,1,3,2,1,1,0,1,0,4,3,2,0,1,10,3,7,0,2,0,4,3,1,4,5,1,5,1.6666666666666667,40.0,0.0,57.14285714285714,5,26,21,30,5,5,26,31,33,-5,52,52,63,0,5.2,5.2,6.3,0.0,100.0,82.53968253968253,0.0,5,6,11,3.6666666666666665,73,15,88,0.8588235294117647,0.375,22.222222222222218,16.666666666666664,0.3830882352941176,0.19444444444444442,-0.7072747563943859,-0.5599951597921285,-0.2961125118048124,-0.09870417060160414,0.9584811503620311,1.6666666666666667,0.6123511449604854,0.2380952380952381,0.0,-0.2,0.013738588376177417,4,2,7,7.0,10,4,3.4682539682539684,0.3853615520282187,0.3468253968253968,0.8670634920634921,0.5159459162023154,0.0,0.2857142857142857,3.4682539682539684,0.8492756869772998,0.013738588376177417,0.8904685151557551,0.7964601769911505,0.7857142857142857,0.7038170397809631,0.4246378434886499,0.612553271997447,94,108,108,103,86,90,589,Victini,6,-8,-8,-3,14,10,469
Anna Brown,,7.0,,,,1,1.0564428184106458,,,,1.0564428184106458,,0,0,0,0,0,0,0,0,0,1,0,1,2,1,1,0,0,0,0,1,1,1,0,0,3,1,2,0,0,0,1,2,0,1,2,0,1,1.0,33.33333333333333,0.0,50.0,0,0,0,0,0,3,14,16,18,-2,14,16,18,-2,4.666666666666667,5.333333333333333,6.0,-0.6666666666666666,87.5,77.77777777777779,-0.1111111111111111,0,3,3,3.0,0,10,10,,0.4166666666666667,,16.666666666666664,0.5833333333333333,0.16666666666666663,1.0134587276436273,-0.708898370285385,-0.8782998231498674,-0.8782998231498674,1.0564428184106458,1.0,0.6749365589450487,0.14285714285714285,-0.2290005014326814,-0.3333333333333334,-0.01595763405427156,1,1,2,0.0,3,1,1.2380952380952381,0.30952380952380953,0.41269841269841273,1.2380952380952381,-0.18290657830985346,-0.1111111111111111,0.0,1.2380952380952381,1.0775089605734767,-0.01595763405427156,0.611611566555024,0.6902654867256638,0.6111111111111112,0.251248188114028,0.5387544802867383,0.6055246785481143,77,102,97,76,93,89,534,Feraligatr,8,3,3,3,-10,-11,312
Brian Tafazoli,2.0,8.0,,,,1,1.479019945774904,,,,1.479019945774904,2.0,0,0,0,0,0,0,0,0,0,0,0,0,2,1,1,0,0,0,0,0,1,1,0,0,2,1,1,0,0,0,0,2,0,0,2,0,0,0.0,0.0,0.0,0.0,0,0,0,0,0,2,7,12,12,-5,7,12,12,-5,3.5,6.0,6.0,-2.5,58.333333333333336,58.333333333333336,-0.4166666666666667,0,2,2,2.0,0,6,6,,0.375,,,0.625,0.0,1.3715060866233861,-1.602317633244924,-1.023846650986131,-1.023846650986131,1.479019945774904,0.0,0.944911182523068,0.0,-0.5725012535817036,-1.0,-1.5942560258618974,0,1,1,0.0,2,0,0.5952380952380952,0.1984126984126984,0.2976190476190476,inf,-0.05508881747693195,-0.4166666666666667,-1.0,0.5952380952380952,0.8568548387096775,-1.5942560258618974,0.6626135605991704,0.39823008849557523,0.0,0.12079239813174424,0.42842741935483875,0.23196815082029934,80,84,60,68,86,59,437,Seaking,0,8,5,-3,-6,9,215
Carla Betancourt,4.0,,15.0,,,1,,1.5652475842498528,,,1.5652475842498528,4.0,3,2,1,2,1,1,0,0,0,0,0,0,0,0,0,0,0,0,2,1,1,1,0,0,5,3,2,0,0,0,3,2,0,3,2,0,5,5.0,60.0,66.66666666666666,50.0,5,23,25,30,-2,0,0,0,0,0,23,25,30,-2,4.6,5.0,6.0,-0.4,92.0,76.66666666666667,-0.06666666666666667,5,0,5,5.0,23,0,23,0.2705882352941177,,59.99999999999999,,0.7294117647058823,0.6,2.2687306450079556,1.6139917134094166,-0.2961125118048124,-0.2961125118048124,1.5652475842498528,5.0,1.0,0.7142857142857143,-0.2290005014326814,0.2,1.6507238966964188,1,1,2,22.0,5,3,3.628571428571429,0.6047619047619048,0.7257142857142858,1.2095238095238097,0.7107843137254902,-0.06666666666666667,0.0,3.628571428571429,2.0,1.6507238966964188,0.9682131628893159,0.7327433628318585,0.6111111111111112,0.736350459011113,1.0,1.0,99,104,97,105,120,120,645,Manaphy,1,-4,3,-5,-20,-20,851
Cason Duszak,1.0,,,4.0,17.0,2,,,-0.3763863263545405,1.243932643294094,0.43377315846977677,1.0,2,2,0,2,1,1,0,0,0,1,0,1,2,1,1,0,0,0,2,1,2,2,0,0,7,4,3,1,3,0,2,1,0,3,4,0,5,2.5,42.857142857142854,50.0,33.33333333333333,4,21,19,24,2,3,16,20,21,-4,37,39,45,-2,5.285714285714286,5.571428571428571,6.428571428571429,-0.2857142857142857,94.87179487179486,82.22222222222221,-0.044444444444444446,4,4,8,4.0,43,19,62,0.6323529411764706,0.7916666666666666,55.714285714285715,33.33333333333333,0.28799019607843146,0.4452380952380952,-1.5244651992423033,0.7843881120898445,-0.2961125118048124,-0.1480562559024062,0.43377315846977677,2.5,0.27712750547234555,0.35714285714285715,-0.2290005014326814,-0.1428571428571429,0.5703651610813967,1,2,3,2.0,7,3,0.8333333333333333,0.27777777777777773,0.11904761904761904,0.27777777777777773,0.13251966233509066,-0.044444444444444446,-0.3333333333333333,0.8333333333333333,1.1368887608806966,0.5703651610813967,0.7374733180198282,0.7539823008849559,0.4074074074074075,0.1691093573844419,0.5684443804403483,0.7442973647622201,85,106,85,71,95,100,542,Flygon,-5,-6,-5,9,-15,0,392
Cassie Deering,,,,,15.0,1,,,,0.8885233166386386,0.8885233166386386,,0,0,0,2,1,1,0,0,0,0,0,0,0,0,0,0,0,0,0,0,1,1,0,0,2,1,1,0,1,0,0,1,0,0,2,0,0,0.0,0.0,0.0,0.0,2,5,12,12,-7,0,0,0,0,0,5,12,12,-7,2.5,6.0,6.0,-3.5,41.66666666666667,41.66666666666667,-0.5833333333333334,2,0,2,2.0,23,0,23,0.6764705882352942,,,,0.32352941176470584,0.0,-1.2190718636419224,-1.602317633244924,-1.023846650986131,-1.023846650986131,0.8885233166386386,0.0,0.5676567244564474,0.0,-0.8015017550143849,-1.0,-1.188764587451375,0,1,1,,2,0,0.0,0.0,0.0,,-0.43234327554355256,-0.5833333333333334,-1.0,0.0,0.4435483870967742,-1.188764587451375,0.5120810407204015,0.23893805309734514,0.0,0.0,0.2217741935483871,0.32794111419797134,71,75,60,60,74,67,407,Castform,-1,-5,10,10,-4,3,251
Coby Lovelace,4.0,4.0,7.0,6.0,9.0,4,-0.21128856368212914,-0.22360679774997896,0.3763863263545405,-0.17770466332772772,-0.05905342460132383,4.0,2,0,2,3,1,2,1,1,0,5,4,1,2,1,1,1,0,1,4,3,2,3,1,1,14,7,7,2,2,0,5,3,2,7,5,2,13,3.25,50.0,57.14285714285714,42.857142857142854,6,34,35,39,-1,8,48,44,54,4,82,79,93,3,5.857142857142857,5.642857142857143,6.642857142857143,0.21428571428571427,103.79746835443038,88.17204301075269,0.03225806451612903,7,10,17,4.25,50,26,76,0.4901960784313726,0.40625,35.714285714285715,51.26955724014547,0.5517769607843137,0.4349192147721559,0.7422905072398405,0.729073592607162,0.8682621108852975,0.21706552772132437,-0.05905342460132383,3.25,-0.03772784906077672,0.4642857142857143,0.3435007521490221,0.0,0.058475787694774066,3,3,7,2.0,14,7,3.7857142857142856,0.37857142857142856,0.2704081632653061,0.5408163265306122,0.17428195486079193,0.03225806451612903,0.0,3.7857142857142856,1.4813337719320878,0.058475787694774066,0.754137357358226,0.8272908935198402,0.6111111111111112,0.7682396521178934,0.7406668859660439,0.6231418102133303,86,110,97,107,105,90,595,Mesprit,-6,-5,8,-2,0,-10,229
Evan Sooklal,,8.0,11.0,,,2,1.479019945774904,0.6708203932499369,,,1.0749201695124204,,0,0,0,2,1,1,0,0,0,0,0,0,2,1,1,0,0,0,0,0,2,2,0,0,4,2,2,0,1,0,0,3,0,0,4,0,0,0.0,0.0,0.0,0.0,2,9,12,12,-3,2,7,12,12,-5,16,24,24,-8,4.0,6.0,6.0,-2.0,66.66666666666666,66.66666666666666,-0.3333333333333333,2,2,4,2.0,20,6,26,0.5882352941176471,0.375,,,0.5183823529411764,0.0,0.45532607982223994,-1.602317633244924,-1.023846650986131,-0.5119233254930655,1.0749201695124204,0.0,0.6867413055472483,0.0,-0.9160020057307257,-1.0,-0.9860188682461137,0,2,2,1.0,4,0,0.6428571428571429,0.16071428571428573,0.16071428571428573,inf,0.18674130554724833,-0.3333333333333333,-1.0,0.6428571428571429,0.7106854838709676,-0.9860188682461137,0.7591089021995976,0.4778761061946903,0.0,0.13045578998228377,0.3553427419354838,0.37592759588680735,86,89,60,68,82,71,456,Seaking,-6,3,5,-3,-2,-3,92
Gabe Silverstein,2.0,,13.0,5.0,5.0,3,,1.118033988749895,0.0,-0.8885233166386386,0.07650355737041876,2.0,4,1,3,4,2,2,0,0,0,3,1,2,2,1,1,0,0,0,2,5,3,3,0,0,13,5,8,3,2,0,4,4,0,7,6,0,9,3.0,53.84615384615385,40.0,62.5,8,35,38,48,-3,5,27,22,30,5,62,60,78,2,4.769230769230769,4.615384615384615,6.0,0.15384615384615385,103.33333333333334,79.48717948717949,0.02564102564102564,8,5,13,4.333333333333333,65,15,80,0.47794117647058826,0.375,28.333333333333332,47.13573463573463,0.5735294117647058,0.3773453398453398,0.9292122902366258,0.42044793919011764,0.28607479954024256,0.09535826651341418,0.07650355737041876,3.0,0.04887632994308898,0.42857142857142855,0.2290005014326814,0.07692307692307693,0.4888885313276612,5,3,8,7.0,13,7,4.626984126984126,0.42063492063492053,0.3559218559218558,0.6609977324263037,0.14201358484504978,0.02564102564102564,0.25,4.626984126984126,1.4151992223228782,0.4888885313276612,0.7412615942042424,0.8209666439754936,0.763888888888889,0.9389595748107582,0.7075996111614391,0.7250132249191124,85,110,106,117,103,99,620,Genesect,-14,10,-11,3,-8,0,490
Helen Dunn,1.0,,,8.0,,1,,,1.1291589790636216,,1.1291589790636216,1.0,0,0,0,0,0,0,0,0,0,1,1,0,1,1,0,1,0,1,1,0,1,0,0,1,3,2,1,1,0,0,0,1,1,1,1,1,3,3.0,33.33333333333333,50.0,0.0,0,0,0,0,0,3,15,20,21,-5,15,20,21,-5,5.0,6.666666666666667,7.0,-1.6666666666666667,75.0,71.42857142857143,-0.23809523809523808,0,4,4,4.0,0,14,14,,0.5833333333333334,,25.0,0.41666666666666663,0.25,-0.4187307082754045,-0.2621887388056154,-0.5872061674773399,-0.5872061674773399,1.1291589790636216,3.0,0.7213932098830057,0.42857142857142855,-0.5725012535817036,-0.3333333333333334,0.5558280840894163,0,0,1,13.0,3,1,0.6071428571428571,0.15178571428571427,0.20238095238095236,0.6071428571428571,0.14786379811829975,-0.23809523809523808,0.0,0.6071428571428571,0.9879032258064515,0.5558280840894163,0.7435959532211346,0.5689001264222504,0.6111111111111112,0.12320824609437911,0.49395161290322576,0.7408566845761263,85,95,97,68,90,100,535,Obstagoon,8,-5,4,-8,-9,-5,275
Jack Massingill,3.0,5.0,10.0,5.0,4.0,4,0.21128856368212914,0.4472135954999579,0.0,-1.0662279799663663,-0.1019314551960698,3.0,2,1,1,4,2,2,0,0,0,5,1,4,4,2,2,0,0,0,2,5,4,4,0,0,15,6,9,2,3,0,5,5,0,7,8,0,9,2.25,46.666666666666664,33.33333333333333,55.55555555555556,6,29,33,36,-4,9,47,43,54,4,76,76,90,0,5.066666666666666,5.066666666666666,6.0,0.0,100.0,84.44444444444444,0.0,6,9,15,3.75,51,30,81,0.5,0.4166666666666667,55.55555555555556,37.72588522588522,0.5416666666666666,0.4664072039072039,0.6554113686638696,0.8978654488778375,0.28607479954024256,0.07151869988506064,-0.1019314551960698,2.25,-0.06512161796111035,0.32142857142857145,0.0,-0.06666666666666671,0.4247636757867484,5,4,9,17.0,15,7,4.212698412698412,0.4212698412698412,0.2808465608465608,0.601814058956916,0.004731323215360253,0.0,0.1111111111111111,4.212698412698412,1.5199528667270603,0.4247636757867484,0.686483063862464,0.7964601769911505,0.6790123456790125,0.8548880657110643,0.7599764333635302,0.709835956475294,82,108,101,112,106,97,606,Mesprit,-2,-3,4,-7,-1,-17,368
Jason Jackson,3.0,4.0,9.0,4.0,7.0,4,-0.21128856368212914,0.22360679774997896,-0.3763863263545405,-0.5331139899831832,-0.22429552056746846,3.0,1,1,0,3,2,1,1,0,1,4,3,1,2,1,1,1,0,1,4,1,3,2,0,2,12,7,5,2,4,1,3,1,1,5,5,2,11,2.75,41.66666666666667,57.14285714285714,20.0,5,27,31,33,-4,7,45,45,51,0,72,76,84,-4,6.0,6.333333333333333,7.0,-0.3333333333333333,94.73684210526315,85.71428571428571,-0.047619047619047616,6,10,16,4.0,51,31,82,0.6,0.5535714285714286,0.0,50.04924813748343,0.42321428571428577,0.25024624068741713,-0.3624661232928703,-0.2608687617648382,0.57716845521277,0.1442921138031925,-0.22429552056746846,2.75,-0.1432971517250176,0.39285714285714285,-0.4580010028653628,-0.16666666666666657,0.8776124001703961,1,2,5,12.0,12,5,1.780952380952381,0.2968253968253968,0.1484126984126984,0.3561904761904762,-0.0023657791759979785,-0.047619047619047616,-0.2,1.780952380952381,0.997290201452915,0.8776124001703961,0.6836511696754902,0.7509481668773705,0.48888888888888893,0.3614108552101788,0.4986451007264575,0.8170175882534151,82,106,90,82,90,106,556,Flygon,-2,-6,-10,-2,-10,-6,280
Kevin Cooper,4.0,2.0,2.0,2.0,,3,-1.0564428184106458,-1.3416407864998738,-1.1291589790636216,,-1.1757475279913805,4.0,3,0,3,2,1,1,0,0,0,7,4,3,3,2,1,0,0,0,4,6,3,2,0,0,15,7,8,8,4,0,2,1,0,10,5,0,14,4.666666666666667,66.66666666666666,57.14285714285714,75.0,5,26,22,30,4,10,53,49,60,4,79,71,90,8,5.266666666666667,4.733333333333333,6.0,0.5333333333333333,111.26760563380283,87.77777777777777,0.08888888888888889,5,10,15,5.0,64,41,105,0.7529411764705882,0.5125,51.28205128205128,50.13564866506043,0.3672794117647059,0.5070884997355586,-0.8431221367131759,1.115938168889083,1.0138089387215612,0.33793631290718706,-1.1757475279913805,4.666666666666667,-0.7511575419903038,0.6666666666666667,0.9160020057307257,0.33333333333333315,0.13617919509035012,6,2,8,4.0,15,10,0.753968253968254,0.25132275132275134,0.05026455026455026,0.07539682539682539,-0.4210921825131796,0.08888888888888889,0.5,0.753968253968254,1.348675725365716,0.13617919509035012,0.5165704651633419,0.8814159292035398,0.9166666666666667,0.15300370430020938,0.674337862682858,0.6415328921595439,71,113,115,70,101,92,562,Klinklang,-11,-13,0,0,-16,-2,550
Kristian Banlaoi,,,1.0,,,1,,-1.5652475842498528,,,-1.5652475842498528,,1,1,0,2,1,1,0,0,0,0,0,0,0,0,0,0,0,0,1,0,1,1,0,0,3,2,1,1,2,0,0,0,0,1,2,0,2,2.0,33.33333333333333,50.0,0.0,3,16,15,18,1,0,0,0,0,0,16,15,18,1,5.333333333333333,5.0,6.0,0.3333333333333333,106.66666666666667,88.88888888888889,0.05555555555555555,3,0,3,3.0,27,0,27,0.5294117647058824,,41.66666666666667,,0.47058823529411764,0.41666666666666674,0.044624697463106204,0.6312305241539241,-0.7327529953136036,-0.7327529953136036,-1.5652475842498528,2.0,-1.0,0.2857142857142857,0.1145002507163407,-0.3333333333333334,-0.5877433521979594,0,1,1,1.0,3,1,0.0,0.0,0.0,0.0,-1.715686274509804,0.05555555555555555,-1.0,0.0,1.3396057347670252,-0.5877433521979594,0.0,0.8495575221238939,0.0,0.0,0.6698028673835126,0.47019267252010244,40,111,60,60,101,78,450,Hitmonlee,10,9,-7,-25,9,9,1017
Leah Baetcke,4.0,6.0,12.0,7.0,6.0,4,0.6338656910463875,0.8944271909999159,0.752772652709081,-0.7108186533109109,0.39256172036111836,4.0,4,4,0,3,1,2,1,1,0,0,0,0,3,2,1,1,0,1,4,0,3,3,1,1,12,8,4,2,1,0,2,5,2,4,6,2,10,2.5,33.33333333333333,50.0,0.0,8,45,39,51,6,4,16,27,27,-11,61,66,78,-5,5.083333333333333,5.5,6.5,-0.4166666666666667,92.42424242424242,78.2051282051282,-0.0641025641025641,9,5,14,3.5,47,15,62,0.34558823529411764,0.46875,37.07264957264957,,0.5928308823529411,0.3707264957264957,1.0950724638816607,0.3849675221843069,0.4316216273765063,0.10790540684412657,0.39256172036111836,2.5,0.2507984834547783,0.35714285714285715,-0.5725012535817036,-0.3333333333333334,0.5558280840894163,0,3,4,32.0,12,4,4.927777777777778,0.5475308641975309,0.41064814814814815,1.2319444444444445,0.3561906403175234,-0.0641025641025641,-0.75,4.927777777777778,1.430629509006525,0.5558280840894163,0.826722776096473,0.7351940095302928,0.1527777777777778,1.0,0.7153147545032625,0.7408566845761263,90,105,70,120,103,100,588,Hydreigon,2,0,20,5,-13,-2,602
Levin Lee,2.0,3.0,,1.0,3.0,3,-0.6338656910463875,,-1.505545305418162,-1.243932643294094,-1.127781213252881,2.0,4,4,0,2,1,1,0,0,0,8,4,4,3,2,1,0,0,0,8,4,3,2,0,0,17,11,6,9,5,0,3,0,0,12,5,0,20,6.666666666666667,70.58823529411765,72.72727272727273,66.66666666666666,6,31,26,36,5,11,68,50,72,18,99,76,108,23,5.823529411764706,4.470588235294118,6.352941176470588,1.3529411764705883,130.26315789473685,91.66666666666666,0.21296296296296297,6,13,19,6.333333333333333,50,42,92,0.4901960784313726,0.4772727272727273,48.712121212121204,50.43612637362637,0.5162655971479501,0.4957412379287379,0.43713650810936483,1.0551109952087312,1.8870899057391435,0.6290299685797145,-1.127781213252881,6.666666666666667,-0.7205129875944654,0.9523809523809524,2.633505766475836,0.41176470588235303,-2.5743351630601907,4,2,6,0.0,17,12,3.6111111111111107,0.36111111111111105,0.21241830065359474,0.3009259259259259,-0.10613390262714506,0.21296296296296297,0.3333333333333333,3.6111111111111107,1.5340188765087959,-2.5743351630601907,0.6422454903728646,1.0,0.8148148148148149,0.7328072153325816,0.7670094382543979,0.0,79,120,109,104,107,40,559,Dhelmise,-9,11,-9,-18,-17,0,896
Matthew Rusten,,,,,14.0,1,,,,0.7108186533109109,0.7108186533109109,,1,1,0,2,1,1,0,0,0,0,0,0,0,0,0,0,0,0,1,0,1,1,0,0,3,2,1,1,1,0,0,1,0,1,2,0,2,2.0,33.33333333333333,50.0,0.0,3,12,17,18,-5,0,0,0,0,0,12,17,18,-5,4.0,5.666666666666667,6.0,-1.6666666666666667,70.58823529411765,66.66666666666666,-0.2777777777777778,3,0,3,3.0,38,0,38,0.7450980392156863,,0.0,,0.2549019607843137,0.0,-1.8087969254909355,-1.602317633244924,-0.7327529953136036,-0.7327529953136036,0.7108186533109109,2.0,0.4541253795651579,0.2857142857142857,-0.5725012535817036,-0.3333333333333334,0.5558280840894163,0,1,1,,3,1,0.16666666666666666,0.08333333333333333,0.05555555555555555,0.16666666666666666,-0.261560894944646,-0.2777777777777778,-1.0,0.16666666666666666,0.3494623655913978,0.5558280840894163,0.5802268281398533,0.5309734513274337,0.0,0.033821871476888386,0.1747311827956989,0.7408566845761263,75,92,60,63,71,100,461,Sawsbuck,5,8,10,-3,-1,-5,224
Nathan Snow,,,,,12.0,1,,,,0.35540932665545544,0.35540932665545544,,3,3,0,1,1,0,1,0,1,0,0,0,0,0,0,0,0,0,3,0,1,0,0,1,5,4,1,1,0,0,2,1,1,3,1,1,7,7.0,60.0,75.0,0.0,5,29,27,33,2,0,0,0,0,0,29,27,33,2,5.8,5.4,6.6,0.4,107.40740740740742,87.87878787878788,0.06060606060606061,6,0,6,6.0,37,0,37,0.4352941176470588,,49.43019943019943,,0.5647058823529412,0.4943019943019943,0.8533904965703243,1.0473959073273842,-0.005018856132284934,-0.005018856132284934,0.35540932665545544,7.0,0.22706268978257896,1.0,0.2290005014326814,0.2,0.8775471906322789,0,0,1,,5,3,0.9999999999999999,0.24999999999999997,0.19999999999999998,0.3333333333333333,0.22216072899826525,0.06060606060606061,0.0,0.9999999999999999,1.5980302055570874,0.8775471906322789,0.7732420024207569,0.8543845534995979,0.6111111111111112,0.2029312288613303,0.7990151027785437,0.8170021542589562,87,112,97,73,108,106,583,Zarude,18,8,8,-3,-13,-1,631
Noah Dale,1.0,,,8.0,,1,,,1.1291589790636216,,1.1291589790636216,1.0,0,0,0,0,0,0,0,0,0,1,1,0,1,1,0,1,0,1,1,0,1,0,0,1,3,2,1,1,0,0,0,1,1,1,1,1,3,3.0,33.33333333333333,50.0,0.0,0,0,0,0,0,3,15,20,21,-5,15,20,21,-5,5.0,6.666666666666667,7.0,-1.6666666666666667,75.0,71.42857142857143,-0.23809523809523808,0,4,4,4.0,0,14,14,,0.5833333333333334,,25.0,0.41666666666666663,0.25,-0.4187307082754045,-0.2621887388056154,-0.5872061674773399,-0.5872061674773399,1.1291589790636216,3.0,0.7213932098830057,0.42857142857142855,-0.5725012535817036,-0.3333333333333334,0.5558280840894163,0,0,1,4.0,3,1,0.6071428571428571,0.15178571428571427,0.20238095238095236,0.6071428571428571,0.14786379811829975,-0.23809523809523808,0.0,0.6071428571428571,0.9879032258064515,0.5558280840894163,0.7435959532211346,0.5689001264222504,0.6111111111111112,0.12320824609437911,0.49395161290322576,0.7408566845761263,85,95,97,68,90,100,535,Obstagoon,8,-5,4,-8,-9,-5,275
Paul Bartenfeld,4.0,6.0,8.0,9.0,19.0,4,0.6338656910463875,0.0,1.505545305418162,1.5993419699495495,0.9346882416035247,4.0,0,0,0,4,2,2,0,0,0,0,0,0,4,2,2,0,0,0,0,0,4,4,0,0,8,4,4,0,2,0,0,6,0,0,8,0,0,0.0,0.0,0.0,0.0,4,15,24,24,-9,4,13,24,24,-11,28,48,48,-20,3.5,6.0,6.0,-2.5,58.333333333333336,58.333333333333336,-0.4166666666666667,4,4,8,2.0,38,21,59,0.5588235294117647,0.65625,,,0.39246323529411764,0.0,-0.6267141006239401,-1.602317633244924,-1.023846650986131,-0.25596166274653276,0.9346882416035247,0.0,0.5971504131414938,0.0,-2.2900050143268142,-1.0,1.446929762217021,0,4,4,19.0,8,0,0.42857142857142855,0.21428571428571427,0.05357142857142857,inf,0.34715041314149375,-0.4166666666666667,-1.0,0.42857142857142855,0.538054435483871,1.446929762217021,0.8231155339605989,0.39823008849557523,0.0,0.08697052665485584,0.2690272177419355,0.9517653761528395,90,84,60,66,77,117,494,Maushold,-16,-9,10,-1,-2,-6,478
Piper Parker,,,,,13.0,1,,,,0.5331139899831832,0.5331139899831832,,1,1,0,2,1,1,0,0,0,0,0,0,0,0,0,0,0,0,1,0,1,1,0,0,3,2,1,0,1,0,1,1,0,1,2,0,2,2.0,33.33333333333333,50.0,0.0,3,16,17,18,-1,0,0,0,0,0,16,17,18,-1,5.333333333333333,5.666666666666667,6.0,-0.3333333333333333,94.11764705882352,88.88888888888889,-0.05555555555555555,3,0,3,3.0,32,0,32,0.6274509803921569,,46.666666666666664,,0.37254901960784315,0.4666666666666666,-0.7978396766069126,0.8992563030417852,-0.7327529953136036,-0.7327529953136036,0.5331139899831832,2.0,0.34059403467386845,0.2857142857142857,-0.1145002507163407,-0.3333333333333334,-0.20655287343550086,0,1,1,,3,1,0.16666666666666666,0.08333333333333333,0.05555555555555555,0.16666666666666666,-0.3750922398359355,-0.05555555555555555,-1.0,0.16666666666666666,1.2885304659498207,-0.20655287343550086,0.5349254166753042,0.7433628318584071,0.0,0.033821871476888386,0.6442652329749103,0.5604140098721104,73,105,60,63,99,85,485,Gallade,-5,20,5,2,16,-5,735
Reagan Fryatt,3.0,,14.0,,,1,,1.3416407864998738,,,1.3416407864998738,3.0,2,0,2,2,1,1,0,0,0,0,0,0,0,0,0,0,0,0,0,2,1,1,0,0,4,1,3,0,0,0,2,2,0,2,2,0,2,2.0,50.0,0.0,66.66666666666666,4,20,22,24,-2,0,0,0,0,0,20,22,24,-2,5.0,5.5,6.0,-0.5,90.9090909090909,83.33333333333334,-0.08333333333333333,4,0,4,4.0,25,0,25,0.36764705882352944,,20.833333333333336,,0.6323529411764706,0.20833333333333337,1.4346909146786373,-0.4855435545454999,-0.7327529953136036,-0.7327529953136036,1.3416407864998738,2.0,0.8571428571428572,0.2857142857142857,-0.2290005014326814,0.0,1.0137253719160524,2,1,3,1.0,4,2,2.0285714285714285,0.4057142857142857,0.5071428571428571,1.0142857142857142,0.14145658263305327,-0.08333333333333333,0.3333333333333333,2.0285714285714285,1.21415770609319,1.0137253719160524,0.7410393385230781,0.7168141592920354,0.8148148148148149,0.41166049283298434,0.607078853046595,0.8492332259097317,85,104,109,85,97,108,588,Manaphy,15,-4,-9,15,3,-8,620
Rohan Chowla,2.0,3.0,3.0,1.0,2.0,4,-0.6338656910463875,-1.118033988749895,-1.505545305418162,-1.4216373066218218,-1.1697705729590666,2.0,7,6,1,3,1,2,1,0,1,8,4,4,3,2,1,0,0,0,10,5,3,3,0,1,22,13,9,13,6,1,2,0,0,15,6,1,26,6.5,68.18181818181817,76.92307692307693,55.55555555555556,11,66,70,81,-4,11,68,50,72,18,134,120,153,14,6.090909090909091,5.454545454545454,6.954545454545454,0.6363636363636364,111.66666666666667,87.58169934640523,0.0915032679738562,16,13,29,7.25,116,42,158,0.6203208556149732,0.4772727272727273,52.65829408686552,50.43612637362637,0.4512032085561497,0.5154721023024594,-0.12195348559164773,1.1608786010466805,2.760370872756726,0.6900927181891815,-1.1697705729590666,6.5,-0.7473390054901001,0.9285714285714286,1.6030035100287698,0.3636363636363635,-0.9452554092848295,5,3,9,27.0,22,15,2.944444444444444,0.32716049382716045,0.13383838383838384,0.19629629629629627,-0.07331939764696283,0.0915032679738562,0.2222222222222222,2.944444444444444,1.4777052144923688,-0.9452554092848295,0.6553391729460442,0.8839146277980219,0.7469135802469137,0.5975197294250281,0.7388526072461844,0.3855756169877556,80,114,105,96,105,71,571,Mesprit,0,-9,0,9,0,9,243
Roman Ramirez,4.0,2.0,6.0,2.0,1.0,4,-1.0564428184106458,-0.4472135954999579,-1.1291589790636216,-1.5993419699495495,-1.0580393407309439,4.0,8,2,6,2,1,1,1,1,0,7,4,3,3,2,1,0,0,0,6,9,3,2,1,0,21,10,11,10,4,0,5,1,1,15,5,1,22,5.5,71.42857142857143,60.0,81.81818181818183,11,71,54,75,17,10,53,49,60,4,124,103,135,21,5.904761904761905,4.904761904761905,6.428571428571429,1.0,120.3883495145631,91.85185185185185,0.15555555555555556,14,10,24,6.0,92,41,133,0.4919786096256685,0.5125,38.71212121212121,50.13564866506043,0.4977606951871658,0.4442388493859082,0.2781213575036493,0.7790316391331866,2.178183561411671,0.5445458903529178,-1.0580393407309439,5.5,-0.6759565396409865,0.7857142857142857,2.404505265043155,0.4285714285714286,-2.1302435480573796,9,2,11,5.0,21,15,3.623015873015873,0.4025573192239859,0.17252456538170824,0.24153439153439155,-0.14409379454294724,0.15555555555555556,0.6363636363636364,3.623015873015873,1.4228119386148323,-2.1302435480573796,0.6270986894213373,0.9451327433628319,1.0,0.7352230632952166,0.7114059693074162,0.10510897214023647,78,117,120,105,103,49,572,Enamorus (Therian Forme),-4,-2,-10,30,-3,-3,1038
Rose Roché,4.0,1.0,4.0,3.0,,3,-1.479019945774904,-0.8944271909999159,-0.752772652709081,,-1.0420732631613003,4.0,0,0,0,2,1,1,0,0,0,3,1,2,4,2,2,0,0,0,1,2,3,3,0,0,9,4,5,3,6,0,0,0,0,3,6,0,4,1.3333333333333333,33.33333333333333,25.0,40.0,2,8,12,12,-4,7,38,38,45,0,46,50,57,-4,5.111111111111111,5.555555555555555,6.333333333333333,-0.4444444444444444,92.0,80.7017543859649,-0.07017543859649122,2,8,10,3.3333333333333335,18,44,62,0.5294117647058824,0.7857142857142857,,20.555555555555554,0.34243697478991597,0.20555555555555555,-1.056596591499847,-0.5004338755948259,-0.4416593396410762,-0.14721977988035873,-1.0420732631613003,1.3333333333333333,-0.66575618684677,0.19047619047619047,-0.4580010028653628,-0.3333333333333334,0.365232844708187,2,3,5,8.0,9,3,0.0,0.0,0.0,0.0,-0.8095470365199726,-0.07017543859649122,-0.2,0.0,0.812062638675542,0.365232844708187,0.3615687500545027,0.7293898462971589,0.48888888888888893,0.0,0.406031319337771,0.6957460159001223,62,104,90,60,85,96,497,Bombirdier,8,-1,-5,0,0,-14,286
Sam Carswell-Tellis,,,,,11.0,1,,,,0.17770466332772772,0.17770466332772772,,0,0,0,2,1,1,0,0,0,0,0,0,0,0,0,0,0,0,0,0,1,1,0,0,2,1,1,0,1,0,0,1,0,0,2,0,0,0.0,0.0,0.0,0.0,2,2,12,12,-10,0,0,0,0,0,2,12,12,-10,1.0,6.0,6.0,-5.0,16.666666666666664,16.666666666666664,-0.8333333333333334,2,0,2,2.0,22,0,22,0.6470588235294118,,,,0.3529411764705882,0.0,-0.9663325514209167,-1.602317633244924,-1.023846650986131,-1.023846650986131,0.17770466332772772,0.0,0.11353134489128948,0.0,-1.1450025071634071,-1.0,-0.5805274298355911,0,1,1,,2,0,0.0,0.0,0.0,,-0.8864686551087105,-0.8333333333333334,-1.0,0.0,0.48387096774193544,-0.5805274298355911,0.3308753948622058,0.0,0.0,0.0,0.24193548387096772,0.47190055926447944,60,60,60,60,75,78,393,Medicham,0,0,15,0,0,2,229
Will Simpson,4.0,5.0,,6.0,10.0,3,0.21128856368212914,,0.3763863263545405,0.0,0.1958916300122232,4.0,3,1,2,1,0,1,1,1,0,4,1,3,4,2,2,0,0,0,2,5,2,3,1,0,13,5,8,1,0,0,6,5,1,7,5,1,10,3.3333333333333335,53.84615384615385,40.0,62.5,5,30,27,33,3,8,39,40,48,-1,69,67,81,2,5.3076923076923075,5.153846153846154,6.230769230769231,0.15384615384615385,102.98507462686568,85.18518518518519,0.024691358024691357,6,8,14,4.666666666666667,31,29,60,0.36470588235294116,0.453125,48.504273504273506,34.176587301587304,0.5910845588235294,0.41340430402930406,1.0800660672185387,0.6137425784160483,0.4316216273765063,0.14387387579216876,0.1958916300122232,3.3333333333333335,0.1251505716944483,0.4761904761904762,0.2290005014326814,0.07692307692307693,0.4888885313276612,5,3,8,14.0,13,7,3.6428571428571423,0.4047619047619047,0.28021978021978017,0.520408163265306,0.2656734475114418,0.024691358024691357,0.25,3.6428571428571423,1.4993650362853992,0.4888885313276612,0.7906044988061737,0.8200589970501475,0.763888888888889,0.7392494765662746,0.7496825181426996,0.7250132249191124,88,110,106,105,105,99,613,Mew,12,-10,-6,-5,-5,1,331
Yvonne Nguyen,,,,9.0,18.0,2,,,1.505545305418162,1.4216373066218218,1.4635913060199919,,4,1,3,2,1,1,0,0,0,0,0,0,2,1,1,0,0,0,1,3,2,2,0,0,8,3,5,0,0,0,4,4,0,4,4,0,5,2.5,50.0,33.33333333333333,60.0,6,36,35,39,1,2,9,12,12,-3,45,47,51,-2,5.625,5.875,6.375,-0.25,95.74468085106383,88.23529411764706,-0.0392156862745098,7,2,9,4.5,59,11,70,0.5784313725490197,0.6875,31.13095238095238,,0.3670343137254901,0.3113095238095238,-0.845228297648352,0.06646191864021508,-0.2961125118048124,-0.1480562559024062,1.4635913060199919,2.5,0.9350541861538283,0.35714285714285715,-0.2290005014326814,0.0,1.0137253719160524,3,2,5,8.0,8,4,1.1785714285714284,0.1964285714285714,0.14732142857142855,0.2946428571428571,0.7904463430165733,-0.0392156862745098,0.2,1.1785714285714284,1.0220414106502815,1.0137253719160524,1.0,0.75897969807392,0.7333333333333334,0.23916894830085356,0.5110207053251408,0.8492332259097317,100,106,104,75,91,108,584,Zarude,5,14,1,-5,4,-3,272
